year,month,state,category,price
2013,4,CT,commercial,14.58
2013,5,CT,commercial,14.55
2013,6,CT,commercial,14.68
2013,7,CT,commercial,14.36
2013,8,CT,commercial,14.28
2013,9,CT,commercial,14.48
2013,10,CT,commercial,14.63
2013,11,CT,commercial,14.73
2013,12,CT,commercial,14.73
2014,1,CT,commercial,16.5
2014,2,CT,commercial,16.56
2014,3,CT,commercial,16.33
2014,4,CT,commercial,15.55
2014,5,CT,commercial,15.04
2014,6,CT,commercial,15.38
2014,7,CT,commercial,14.65
2014,8,CT,commercial,15.39
2014,9,CT,commercial,15.22
2014,10,CT,commercial,15.12
2014,11,CT,commercial,15.18
2014,12,CT,commercial,15.71
2015,1,CT,commercial,16.72
2015,2,CT,commercial,17.27
2015,3,CT,commercial,17.34
2015,4,CT,commercial,16.43
2015,5,CT,commercial,16.56
2015,6,CT,commercial,15.93
2015,7,CT,commercial,15.01
2015,8,CT,commercial,15.14
2015,9,CT,commercial,15.19
2015,10,CT,commercial,15.84
2015,11,CT,commercial,15.27
2015,12,CT,commercial,15.24
2016,1,CT,commercial,15.4
2016,2,CT,commercial,16.15
2016,3,CT,commercial,16.11
2016,4,CT,commercial,15.72
2016,5,CT,commercial,15.87
2016,6,CT,commercial,16.02
2016,7,CT,commercial,15.57
2016,8,CT,commercial,15.47
2016,9,CT,commercial,15.63
2016,10,CT,commercial,15.95
2016,11,CT,commercial,15.9
2016,12,CT,commercial,15.35
2017,1,CT,commercial,15.57
2017,2,CT,commercial,15.89
2017,3,CT,commercial,15.95
2017,4,CT,commercial,15.73
2017,5,CT,commercial,16.05
2017,6,CT,commercial,16.12
2017,7,CT,commercial,16.25
2017,8,CT,commercial,16.02
2017,9,CT,commercial,16.32
2017,10,CT,commercial,16.73
2017,11,CT,commercial,16.04
2017,12,CT,commercial,16.06
2018,1,CT,commercial,16.89
2018,2,CT,commercial,17.08
2018,3,CT,commercial,16.48
2018,4,CT,commercial,16.6
2018,5,CT,commercial,16.51
2018,6,CT,commercial,16.59
2018,7,CT,commercial,15.79
2018,8,CT,commercial,16.39
2018,9,CT,commercial,17.62
2018,10,CT,commercial,16.78
2018,11,CT,commercial,17.08
2018,12,CT,commercial,17.64
2019,1,CT,commercial,17.27
2019,2,CT,commercial,17.71
2019,3,CT,commercial,17.33
2019,4,CT,commercial,17.64
2019,5,CT,commercial,17.13
2019,6,CT,commercial,17.5
2019,7,CT,commercial,15.94
2019,8,CT,commercial,16.65
2019,9,CT,commercial,15.99
2019,10,CT,commercial,16.28
2019,11,CT,commercial,15.46
2019,12,CT,commercial,16.4
2020,1,CT,commercial,16.63
2020,2,CT,commercial,16.84
2020,3,CT,commercial,16.8
2020,4,CT,commercial,18.49
2020,5,CT,commercial,16.53
2020,6,CT,commercial,16.13
2020,7,CT,commercial,16.49
2020,8,CT,commercial,17.55
2020,9,CT,commercial,15.62
2020,10,CT,commercial,16.38
2020,11,CT,commercial,16.04
2020,12,CT,commercial,15.99
2021,1,CT,commercial,16.25
2021,2,CT,commercial,17.07
2021,3,CT,commercial,16.82
2021,4,CT,commercial,16.73
2021,5,CT,commercial,16.01
2021,6,CT,commercial,16.04
2021,7,CT,commercial,17.33
2021,8,CT,commercial,14.6
2021,9,CT,commercial,17.63
2021,10,CT,commercial,16.66
2021,11,CT,commercial,16.62
2021,12,CT,commercial,16.57
2022,1,CT,commercial,17.65
2022,2,CT,commercial,20.97
2022,3,CT,commercial,16.92
2022,4,CT,commercial,19.12
2022,5,CT,commercial,17.72
2022,6,CT,commercial,18.81
2022,7,CT,commercial,16.31
2022,8,CT,commercial,20.02
2022,9,CT,commercial,19.9
2022,10,CT,commercial,18.05
2022,11,CT,commercial,18.09
2022,12,CT,commercial,19.41
2023,1,CT,commercial,21.31
2023,2,CT,commercial,21.14
2023,3,CT,commercial,20.59
2023,4,CT,commercial,20.99
2023,5,CT,commercial,19.33
2023,6,CT,commercial,19.37
2023,7,CT,commercial,18.2
2023,8,CT,commercial,20.77
2023,9,CT,commercial,19.98
2023,10,CT,commercial,19.9
2023,11,CT,commercial,19.37
2023,12,CT,commercial,19.64
2024,1,CT,commercial,20.34
2024,2,CT,commercial,20.69
2024,3,CT,commercial,20.16
2024,4,CT,commercial,20.59
2024,5,CT,commercial,19.31
2024,6,CT,commercial,19.16
2024,7,CT,commercial,19.97
2024,8,CT,commercial,22.27
2024,9,CT,commercial,23.38
2024,10,CT,commercial,22.91
2024,11,CT,commercial,22.73
2024,12,CT,commercial,23.28
2025,1,CT,commercial,24.5
2025,2,CT,commercial,25.83
2025,3,CT,commercial,25.14
2025,4,CT,commercial,24.37
2025,5,CT,commercial,23.26
2025,6,CT,commercial,21.3
2025,7,CT,commercial,22.86
2025,8,CT,commercial,23.7
2025,9,CT,commercial,21.94
2025,10,CT,commercial,21.58
2025,11,CT,commercial,21.18
2025,12,CT,commercial,22.21
2026,1,CT,commercial,23.16
2013,4,CT,industrial,12.42
2013,5,CT,industrial,12.4
2013,6,CT,industrial,12.6
2013,7,CT,industrial,12.51
2013,8,CT,industrial,12.5
2013,9,CT,industrial,12.63
2013,10,CT,industrial,12.68
2013,11,CT,industrial,12.81
2013,12,CT,industrial,12.53
2014,1,CT,industrial,13.19
2014,2,CT,industrial,14.34
2014,3,CT,industrial,13.64
2014,4,CT,industrial,13.1
2014,5,CT,industrial,12.47
2014,6,CT,industrial,12.74
2014,7,CT,industrial,13.04
2014,8,CT,industrial,12.4
2014,9,CT,industrial,12.49
2014,10,CT,industrial,12.38
2014,11,CT,industrial,12.4
2014,12,CT,industrial,13.02
2015,1,CT,industrial,13.26
2015,2,CT,industrial,14.26
2015,3,CT,industrial,14.26
2015,4,CT,industrial,12.96
2015,5,CT,industrial,12.67
2015,6,CT,industrial,12.77
2015,7,CT,industrial,12.18
2015,8,CT,industrial,12.55
2015,9,CT,industrial,12.64
2015,10,CT,industrial,12.78
2015,11,CT,industrial,12.97
2015,12,CT,industrial,12.39
2016,1,CT,industrial,12.8
2016,2,CT,industrial,13.24
2016,3,CT,industrial,13.19
2016,4,CT,industrial,12.68
2016,5,CT,industrial,12.85
2016,6,CT,industrial,12.55
2016,7,CT,industrial,12.87
2016,8,CT,industrial,12.73
2016,9,CT,industrial,12.81
2016,10,CT,industrial,12.73
2016,11,CT,industrial,12.61
2016,12,CT,industrial,12.73
2017,1,CT,industrial,13.12
2017,2,CT,industrial,12.95
2017,3,CT,industrial,12.96
2017,4,CT,industrial,12.75
2017,5,CT,industrial,13.03
2017,6,CT,industrial,12.84
2017,7,CT,industrial,13.51
2017,8,CT,industrial,13.24
2017,9,CT,industrial,13.29
2017,10,CT,industrial,13.28
2017,11,CT,industrial,13.32
2017,12,CT,industrial,12.85
2018,1,CT,industrial,14.92
2018,2,CT,industrial,13.88
2018,3,CT,industrial,13.8
2018,4,CT,industrial,13.59
2018,5,CT,industrial,12.38
2018,6,CT,industrial,14.85
2018,7,CT,industrial,13.37
2018,8,CT,industrial,13.78
2018,9,CT,industrial,14.0
2018,10,CT,industrial,13.54
2018,11,CT,industrial,13.82
2018,12,CT,industrial,13.99
2019,1,CT,industrial,14.25
2019,2,CT,industrial,14.06
2019,3,CT,industrial,13.61
2019,4,CT,industrial,13.81
2019,5,CT,industrial,12.98
2019,6,CT,industrial,13.6
2019,7,CT,industrial,13.17
2019,8,CT,industrial,13.24
2019,9,CT,industrial,13.24
2019,10,CT,industrial,13.01
2019,11,CT,industrial,13.05
2019,12,CT,industrial,13.29
2020,1,CT,industrial,13.82
2020,2,CT,industrial,13.39
2020,3,CT,industrial,13.15
2020,4,CT,industrial,13.18
2020,5,CT,industrial,13.91
2020,6,CT,industrial,12.61
2020,7,CT,industrial,13.37
2020,8,CT,industrial,13.33
2020,9,CT,industrial,13.08
2020,10,CT,industrial,12.29
2020,11,CT,industrial,12.59
2020,12,CT,industrial,12.32
2021,1,CT,industrial,9.93
2021,2,CT,industrial,10.52
2021,3,CT,industrial,11.49
2021,4,CT,industrial,7.79
2021,5,CT,industrial,9.07
2021,6,CT,industrial,9.63
2021,7,CT,industrial,9.75
2021,8,CT,industrial,8.68
2021,9,CT,industrial,9.82
2021,10,CT,industrial,9.89
2021,11,CT,industrial,9.58
2021,12,CT,industrial,9.67
2022,1,CT,industrial,14.79
2022,2,CT,industrial,15.75
2022,3,CT,industrial,14.42
2022,4,CT,industrial,14.76
2022,5,CT,industrial,14.43
2022,6,CT,industrial,15.2
2022,7,CT,industrial,14.98
2022,8,CT,industrial,15.91
2022,9,CT,industrial,15.44
2022,10,CT,industrial,14.39
2022,11,CT,industrial,14.48
2022,12,CT,industrial,16.55
2023,1,CT,industrial,16.86
2023,2,CT,industrial,16.23
2023,3,CT,industrial,15.78
2023,4,CT,industrial,15.46
2023,5,CT,industrial,14.61
2023,6,CT,industrial,14.5
2023,7,CT,industrial,15.66
2023,8,CT,industrial,15.9
2023,9,CT,industrial,16.08
2023,10,CT,industrial,15.95
2023,11,CT,industrial,15.22
2023,12,CT,industrial,16.28
2024,1,CT,industrial,16.67
2024,2,CT,industrial,17.28
2024,3,CT,industrial,15.98
2024,4,CT,industrial,15.93
2024,5,CT,industrial,15.42
2024,6,CT,industrial,15.29
2024,7,CT,industrial,17.0
2024,8,CT,industrial,17.49
2024,9,CT,industrial,19.56
2024,10,CT,industrial,17.44
2024,11,CT,industrial,17.97
2024,12,CT,industrial,19.69
2025,1,CT,industrial,19.96
2025,2,CT,industrial,21.17
2025,3,CT,industrial,19.62
2025,4,CT,industrial,18.88
2025,5,CT,industrial,17.28
2025,6,CT,industrial,19.03
2025,7,CT,industrial,18.59
2025,8,CT,industrial,18.84
2025,9,CT,industrial,17.99
2025,10,CT,industrial,12.94
2025,11,CT,industrial,17.7
2025,12,CT,industrial,19.13
2026,1,CT,industrial,21.13
2013,4,MA,commercial,13.5
2013,5,MA,commercial,13.41
2013,6,MA,commercial,14.2
2013,7,MA,commercial,14.19
2013,8,MA,commercial,14.16
2013,9,MA,commercial,13.93
2013,10,MA,commercial,13.65
2013,11,MA,commercial,13.93
2013,12,MA,commercial,16.42
2014,1,MA,commercial,15.55
2014,2,MA,commercial,15.94
2014,3,MA,commercial,15.51
2014,4,MA,commercial,14.28
2014,5,MA,commercial,13.67
2014,6,MA,commercial,14.35
2014,7,MA,commercial,14.7
2014,8,MA,commercial,14.8
2014,9,MA,commercial,14.48
2014,10,MA,commercial,14.01
2014,11,MA,commercial,13.68
2014,12,MA,commercial,14.97
2015,1,MA,commercial,16.55
2015,2,MA,commercial,17.62
2015,3,MA,commercial,17.33
2015,4,MA,commercial,15.94
2015,5,MA,commercial,14.94
2015,6,MA,commercial,15.2
2015,7,MA,commercial,15.4
2015,8,MA,commercial,15.5
2015,9,MA,commercial,15.72
2015,10,MA,commercial,15.27
2015,11,MA,commercial,14.6
2015,12,MA,commercial,15.26
2016,1,MA,commercial,15.46
2016,2,MA,commercial,16.05
2016,3,MA,commercial,15.61
2016,4,MA,commercial,15.59
2016,5,MA,commercial,15.11
2016,6,MA,commercial,15.56
2016,7,MA,commercial,15.81
2016,8,MA,commercial,15.8
2016,9,MA,commercial,16.28
2016,10,MA,commercial,15.87
2016,11,MA,commercial,14.91
2016,12,MA,commercial,14.94
2017,1,MA,commercial,15.62
2017,2,MA,commercial,15.98
2017,3,MA,commercial,15.08
2017,4,MA,commercial,15.49
2017,5,MA,commercial,15.11
2017,6,MA,commercial,16.29
2017,7,MA,commercial,16.43
2017,8,MA,commercial,16.24
2017,9,MA,commercial,16.91
2017,10,MA,commercial,16.07
2017,11,MA,commercial,15.91
2017,12,MA,commercial,15.88
2018,1,MA,commercial,18.04
2018,2,MA,commercial,18.02
2018,3,MA,commercial,17.78
2018,4,MA,commercial,16.75
2018,5,MA,commercial,16.49
2018,6,MA,commercial,16.31
2018,7,MA,commercial,17.02
2018,8,MA,commercial,16.96
2018,9,MA,commercial,17.6
2018,10,MA,commercial,17.33
2018,11,MA,commercial,16.71
2018,12,MA,commercial,17.04
2019,1,MA,commercial,17.37
2019,2,MA,commercial,16.97
2019,3,MA,commercial,17.48
2019,4,MA,commercial,16.57
2019,5,MA,commercial,16.53
2019,6,MA,commercial,16.55
2019,7,MA,commercial,16.81
2019,8,MA,commercial,16.82
2019,9,MA,commercial,16.88
2019,10,MA,commercial,16.48
2019,11,MA,commercial,16.4
2019,12,MA,commercial,16.61
2020,1,MA,commercial,16.51
2020,2,MA,commercial,16.74
2020,3,MA,commercial,16.28
2020,4,MA,commercial,15.79
2020,5,MA,commercial,15.22
2020,6,MA,commercial,15.21
2020,7,MA,commercial,16.3
2020,8,MA,commercial,16.34
2020,9,MA,commercial,16.28
2020,10,MA,commercial,15.85
2020,11,MA,commercial,15.51
2020,12,MA,commercial,15.9
2021,1,MA,commercial,16.15
2021,2,MA,commercial,16.72
2021,3,MA,commercial,16.67
2021,4,MA,commercial,15.7
2021,5,MA,commercial,16.02
2021,6,MA,commercial,16.79
2021,7,MA,commercial,17.74
2021,8,MA,commercial,17.75
2021,9,MA,commercial,17.78
2021,10,MA,commercial,17.38
2021,11,MA,commercial,17.01
2021,12,MA,commercial,17.74
2022,1,MA,commercial,19.48
2022,2,MA,commercial,19.56
2022,3,MA,commercial,18.78
2022,4,MA,commercial,17.21
2022,5,MA,commercial,16.97
2022,6,MA,commercial,17.89
2022,7,MA,commercial,18.06
2022,8,MA,commercial,19.32
2022,9,MA,commercial,19.61
2022,10,MA,commercial,18.8
2022,11,MA,commercial,18.68
2022,12,MA,commercial,19.44
2023,1,MA,commercial,21.23
2023,2,MA,commercial,21.88
2023,3,MA,commercial,20.53
2023,4,MA,commercial,21.5
2023,5,MA,commercial,17.5
2023,6,MA,commercial,19.36
2023,7,MA,commercial,18.72
2023,8,MA,commercial,18.53
2023,9,MA,commercial,18.71
2023,10,MA,commercial,19.04
2023,11,MA,commercial,19.29
2023,12,MA,commercial,19.74
2024,1,MA,commercial,21.21
2024,2,MA,commercial,21.28
2024,3,MA,commercial,20.6
2024,4,MA,commercial,19.68
2024,5,MA,commercial,20.66
2024,6,MA,commercial,20.81
2024,7,MA,commercial,20.99
2024,8,MA,commercial,20.93
2024,9,MA,commercial,20.64
2024,10,MA,commercial,20.54
2024,11,MA,commercial,20.82
2024,12,MA,commercial,22.41
2025,1,MA,commercial,23.03
2025,2,MA,commercial,23.86
2025,3,MA,commercial,23.09
2025,4,MA,commercial,22.8
2025,5,MA,commercial,22.28
2025,6,MA,commercial,22.97
2025,7,MA,commercial,23.26
2025,8,MA,commercial,23.12
2025,9,MA,commercial,22.0
2025,10,MA,commercial,21.88
2025,11,MA,commercial,23.93
2025,12,MA,commercial,24.76
2026,1,MA,commercial,25.64
2013,4,MA,industrial,12.66
2013,5,MA,industrial,12.8
2013,6,MA,industrial,13.45
2013,7,MA,industrial,13.9
2013,8,MA,industrial,13.77
2013,9,MA,industrial,13.61
2013,10,MA,industrial,12.54
2013,11,MA,industrial,12.42
2013,12,MA,industrial,13.42
2014,1,MA,industrial,13.29
2014,2,MA,industrial,13.74
2014,3,MA,industrial,13.37
2014,4,MA,industrial,12.5
2014,5,MA,industrial,12.12
2014,6,MA,industrial,13.3
2014,7,MA,industrial,13.02
2014,8,MA,industrial,12.87
2014,9,MA,industrial,12.85
2014,10,MA,industrial,11.9
2014,11,MA,industrial,11.7
2014,12,MA,industrial,12.36
2015,1,MA,industrial,13.54
2015,2,MA,industrial,14.7
2015,3,MA,industrial,14.15
2015,4,MA,industrial,13.25
2015,5,MA,industrial,12.7
2015,6,MA,industrial,13.42
2015,7,MA,industrial,13.61
2015,8,MA,industrial,13.8
2015,9,MA,industrial,13.76
2015,10,MA,industrial,13.4
2015,11,MA,industrial,13.19
2015,12,MA,industrial,13.09
2016,1,MA,industrial,13.28
2016,2,MA,industrial,13.46
2016,3,MA,industrial,13.34
2016,4,MA,industrial,13.15
2016,5,MA,industrial,12.87
2016,6,MA,industrial,13.2
2016,7,MA,industrial,13.6
2016,8,MA,industrial,13.71
2016,9,MA,industrial,13.61
2016,10,MA,industrial,13.45
2016,11,MA,industrial,13.2
2016,12,MA,industrial,13.59
2017,1,MA,industrial,13.87
2017,2,MA,industrial,13.51
2017,3,MA,industrial,13.61
2017,4,MA,industrial,13.52
2017,5,MA,industrial,13.27
2017,6,MA,industrial,14.05
2017,7,MA,industrial,14.17
2017,8,MA,industrial,14.18
2017,9,MA,industrial,14.22
2017,10,MA,industrial,13.85
2017,11,MA,industrial,13.96
2017,12,MA,industrial,14.3
2018,1,MA,industrial,15.56
2018,2,MA,industrial,15.58
2018,3,MA,industrial,14.66
2018,4,MA,industrial,14.72
2018,5,MA,industrial,14.69
2018,6,MA,industrial,14.86
2018,7,MA,industrial,14.79
2018,8,MA,industrial,14.62
2018,9,MA,industrial,14.91
2018,10,MA,industrial,14.63
2018,11,MA,industrial,14.82
2018,12,MA,industrial,14.95
2019,1,MA,industrial,15.34
2019,2,MA,industrial,15.47
2019,3,MA,industrial,15.32
2019,4,MA,industrial,14.7
2019,5,MA,industrial,14.25
2019,6,MA,industrial,14.49
2019,7,MA,industrial,14.65
2019,8,MA,industrial,14.28
2019,9,MA,industrial,14.46
2019,10,MA,industrial,14.46
2019,11,MA,industrial,15.03
2019,12,MA,industrial,14.76
2020,1,MA,industrial,14.8
2020,2,MA,industrial,14.75
2020,3,MA,industrial,14.58
2020,4,MA,industrial,14.43
2020,5,MA,industrial,14.44
2020,6,MA,industrial,14.57
2020,7,MA,industrial,14.82
2020,8,MA,industrial,14.66
2020,9,MA,industrial,14.27
2020,10,MA,industrial,14.23
2020,11,MA,industrial,14.13
2020,12,MA,industrial,14.34
2021,1,MA,industrial,14.25
2021,2,MA,industrial,15.27
2021,3,MA,industrial,14.38
2021,4,MA,industrial,14.49
2021,5,MA,industrial,14.53
2021,6,MA,industrial,15.15
2021,7,MA,industrial,15.43
2021,8,MA,industrial,15.57
2021,9,MA,industrial,15.52
2021,10,MA,industrial,15.57
2021,11,MA,industrial,15.92
2021,12,MA,industrial,15.93
2022,1,MA,industrial,16.8
2022,2,MA,industrial,16.64
2022,3,MA,industrial,16.15
2022,4,MA,industrial,15.87
2022,5,MA,industrial,16.31
2022,6,MA,industrial,17.06
2022,7,MA,industrial,17.79
2022,8,MA,industrial,18.41
2022,9,MA,industrial,17.85
2022,10,MA,industrial,17.09
2022,11,MA,industrial,16.83
2022,12,MA,industrial,17.78
2023,1,MA,industrial,18.94
2023,2,MA,industrial,19.1
2023,3,MA,industrial,18.14
2023,4,MA,industrial,17.55
2023,5,MA,industrial,17.6
2023,6,MA,industrial,17.5
2023,7,MA,industrial,17.94
2023,8,MA,industrial,17.67
2023,9,MA,industrial,17.44
2023,10,MA,industrial,17.47
2023,11,MA,industrial,17.67
2023,12,MA,industrial,17.66
2024,1,MA,industrial,18.72
2024,2,MA,industrial,18.39
2024,3,MA,industrial,17.9
2024,4,MA,industrial,17.92
2024,5,MA,industrial,17.57
2024,6,MA,industrial,16.32
2024,7,MA,industrial,18.29
2024,8,MA,industrial,18.26
2024,9,MA,industrial,18.32
2024,10,MA,industrial,19.06
2024,11,MA,industrial,18.33
2024,12,MA,industrial,19.12
2025,1,MA,industrial,19.78
2025,2,MA,industrial,20.28
2025,3,MA,industrial,18.95
2025,4,MA,industrial,19.02
2025,5,MA,industrial,19.0
2025,6,MA,industrial,19.78
2025,7,MA,industrial,19.93
2025,8,MA,industrial,19.55
2025,9,MA,industrial,18.53
2025,10,MA,industrial,18.37
2025,11,MA,industrial,19.03
2025,12,MA,industrial,20.04
2026,1,MA,industrial,21.71
2013,4,ME,commercial,11.54
2013,5,ME,commercial,11.25
2013,6,ME,commercial,11.04
2013,7,ME,commercial,11.57
2013,8,ME,commercial,11.34
2013,9,ME,commercial,11.42
2013,10,ME,commercial,11.41
2013,11,ME,commercial,11.71
2013,12,ME,commercial,12.98
2014,1,ME,commercial,14.23
2014,2,ME,commercial,14.25
2014,3,ME,commercial,13.93
2014,4,ME,commercial,12.37
2014,5,ME,commercial,11.97
2014,6,ME,commercial,12.26
2014,7,ME,commercial,11.92
2014,8,ME,commercial,11.83
2014,9,ME,commercial,11.9
2014,10,ME,commercial,11.9
2014,11,ME,commercial,12.57
2014,12,ME,commercial,13.34
2015,1,ME,commercial,13.71
2015,2,ME,commercial,14.31
2015,3,ME,commercial,12.72
2015,4,ME,commercial,11.94
2015,5,ME,commercial,12.62
2015,6,ME,commercial,11.74
2015,7,ME,commercial,11.91
2015,8,ME,commercial,12.03
2015,9,ME,commercial,11.59
2015,10,ME,commercial,12.54
2015,11,ME,commercial,13.02
2015,12,ME,commercial,11.84
2016,1,ME,commercial,12.22
2016,2,ME,commercial,12.2
2016,3,ME,commercial,12.28
2016,4,ME,commercial,11.91
2016,5,ME,commercial,12.08
2016,6,ME,commercial,11.56
2016,7,ME,commercial,11.82
2016,8,ME,commercial,12.22
2016,9,ME,commercial,12.02
2016,10,ME,commercial,12.37
2016,11,ME,commercial,12.39
2016,12,ME,commercial,11.97
2017,1,ME,commercial,12.28
2017,2,ME,commercial,12.58
2017,3,ME,commercial,12.22
2017,4,ME,commercial,11.63
2017,5,ME,commercial,11.74
2017,6,ME,commercial,11.76
2017,7,ME,commercial,11.97
2017,8,ME,commercial,12.08
2017,9,ME,commercial,11.86
2017,10,ME,commercial,12.02
2017,11,ME,commercial,12.75
2017,12,ME,commercial,12.64
2018,1,ME,commercial,9.93
2018,2,ME,commercial,13.16
2018,3,ME,commercial,17.84
2018,4,ME,commercial,12.59
2018,5,ME,commercial,12.8
2018,6,ME,commercial,12.21
2018,7,ME,commercial,12.28
2018,8,ME,commercial,12.17
2018,9,ME,commercial,12.35
2018,10,ME,commercial,12.46
2018,11,ME,commercial,12.38
2018,12,ME,commercial,12.56
2019,1,ME,commercial,13.15
2019,2,ME,commercial,13.08
2019,3,ME,commercial,13.16
2019,4,ME,commercial,12.94
2019,5,ME,commercial,13.03
2019,6,ME,commercial,12.48
2019,7,ME,commercial,12.64
2019,8,ME,commercial,12.48
2019,9,ME,commercial,12.42
2019,10,ME,commercial,12.75
2019,11,ME,commercial,12.69
2019,12,ME,commercial,13.03
2020,1,ME,commercial,12.73
2020,2,ME,commercial,12.75
2020,3,ME,commercial,12.75
2020,4,ME,commercial,12.62
2020,5,ME,commercial,12.67
2020,6,ME,commercial,13.01
2020,7,ME,commercial,12.36
2020,8,ME,commercial,12.29
2020,9,ME,commercial,12.48
2020,10,ME,commercial,12.28
2020,11,ME,commercial,12.53
2020,12,ME,commercial,12.4
2021,1,ME,commercial,12.76
2021,2,ME,commercial,12.85
2021,3,ME,commercial,12.52
2021,4,ME,commercial,12.28
2021,5,ME,commercial,12.53
2021,6,ME,commercial,12.38
2021,7,ME,commercial,12.42
2021,8,ME,commercial,12.66
2021,9,ME,commercial,12.9
2021,10,ME,commercial,13.81
2021,11,ME,commercial,13.86
2021,12,ME,commercial,13.91
2022,1,ME,commercial,13.89
2022,2,ME,commercial,15.91
2022,3,ME,commercial,16.42
2022,4,ME,commercial,16.88
2022,5,ME,commercial,16.78
2022,6,ME,commercial,16.45
2022,7,ME,commercial,15.32
2022,8,ME,commercial,14.34
2022,9,ME,commercial,14.61
2022,10,ME,commercial,14.52
2022,11,ME,commercial,14.65
2022,12,ME,commercial,15.6
2023,1,ME,commercial,15.96
2023,2,ME,commercial,17.57
2023,3,ME,commercial,18.31
2023,4,ME,commercial,18.9
2023,5,ME,commercial,18.57
2023,6,ME,commercial,18.44
2023,7,ME,commercial,17.73
2023,8,ME,commercial,17.68
2023,9,ME,commercial,16.94
2023,10,ME,commercial,17.74
2023,11,ME,commercial,18.13
2023,12,ME,commercial,19.04
2024,1,ME,commercial,19.29
2024,2,ME,commercial,19.19
2024,3,ME,commercial,18.68
2024,4,ME,commercial,17.96
2024,5,ME,commercial,18.32
2024,6,ME,commercial,17.36
2024,7,ME,commercial,17.11
2024,8,ME,commercial,17.04
2024,9,ME,commercial,17.67
2024,10,ME,commercial,18.37
2024,11,ME,commercial,18.51
2024,12,ME,commercial,19.41
2025,1,ME,commercial,19.48
2025,2,ME,commercial,20.2
2025,3,ME,commercial,21.65
2025,4,ME,commercial,21.25
2025,5,ME,commercial,21.45
2025,6,ME,commercial,21.09
2025,7,ME,commercial,21.08
2025,8,ME,commercial,21.36
2025,9,ME,commercial,21.16
2025,10,ME,commercial,20.64
2025,11,ME,commercial,20.8
2025,12,ME,commercial,21.55
2026,1,ME,commercial,22.46
2013,4,ME,industrial,7.94
2013,5,ME,industrial,8.09
2013,6,ME,industrial,7.62
2013,7,ME,industrial,8.51
2013,8,ME,industrial,7.72
2013,9,ME,industrial,7.51
2013,10,ME,industrial,7.4
2013,11,ME,industrial,7.97
2013,12,ME,industrial,9.23
2014,1,ME,industrial,11.82
2014,2,ME,industrial,11.9
2014,3,ME,industrial,12.17
2014,4,ME,industrial,8.43
2014,5,ME,industrial,8.44
2014,6,ME,industrial,7.8
2014,7,ME,industrial,8.01
2014,8,ME,industrial,7.75
2014,9,ME,industrial,7.47
2014,10,ME,industrial,7.5
2014,11,ME,industrial,8.19
2014,12,ME,industrial,9.02
2015,1,ME,industrial,9.2
2015,2,ME,industrial,12.13
2015,3,ME,industrial,11.1
2015,4,ME,industrial,8.76
2015,5,ME,industrial,9.08
2015,6,ME,industrial,8.37
2015,7,ME,industrial,7.85
2015,8,ME,industrial,8.97
2015,9,ME,industrial,8.56
2015,10,ME,industrial,8.22
2015,11,ME,industrial,8.96
2015,12,ME,industrial,8.76
2016,1,ME,industrial,8.93
2016,2,ME,industrial,9.1
2016,3,ME,industrial,9.03
2016,4,ME,industrial,8.77
2016,5,ME,industrial,8.71
2016,6,ME,industrial,8.31
2016,7,ME,industrial,9.14
2016,8,ME,industrial,9.66
2016,9,ME,industrial,9.05
2016,10,ME,industrial,8.5
2016,11,ME,industrial,9.04
2016,12,ME,industrial,9.25
2017,1,ME,industrial,9.47
2017,2,ME,industrial,9.32
2017,3,ME,industrial,9.46
2017,4,ME,industrial,9.06
2017,5,ME,industrial,8.95
2017,6,ME,industrial,9.03
2017,7,ME,industrial,9.26
2017,8,ME,industrial,9.46
2017,9,ME,industrial,9.14
2017,10,ME,industrial,8.8
2017,11,ME,industrial,8.84
2017,12,ME,industrial,9.81
2018,1,ME,industrial,10.22
2018,2,ME,industrial,10.27
2018,3,ME,industrial,9.37
2018,4,ME,industrial,9.1
2018,5,ME,industrial,8.93
2018,6,ME,industrial,9.07
2018,7,ME,industrial,9.21
2018,8,ME,industrial,9.24
2018,9,ME,industrial,8.95
2018,10,ME,industrial,8.98
2018,11,ME,industrial,9.06
2018,12,ME,industrial,9.72
2019,1,ME,industrial,9.52
2019,2,ME,industrial,10.49
2019,3,ME,industrial,9.96
2019,4,ME,industrial,9.45
2019,5,ME,industrial,9.08
2019,6,ME,industrial,8.97
2019,7,ME,industrial,8.94
2019,8,ME,industrial,8.71
2019,9,ME,industrial,8.68
2019,10,ME,industrial,8.56
2019,11,ME,industrial,9.4
2019,12,ME,industrial,9.3
2020,1,ME,industrial,9.11
2020,2,ME,industrial,9.08
2020,3,ME,industrial,9.09
2020,4,ME,industrial,8.89
2020,5,ME,industrial,8.91
2020,6,ME,industrial,9.04
2020,7,ME,industrial,8.88
2020,8,ME,industrial,8.8
2020,9,ME,industrial,8.79
2020,10,ME,industrial,8.51
2020,11,ME,industrial,8.39
2020,12,ME,industrial,8.91
2021,1,ME,industrial,9.39
2021,2,ME,industrial,10.12
2021,3,ME,industrial,9.53
2021,4,ME,industrial,8.6
2021,5,ME,industrial,8.59
2021,6,ME,industrial,8.94
2021,7,ME,industrial,8.98
2021,8,ME,industrial,9.45
2021,9,ME,industrial,9.94
2021,10,ME,industrial,10.1
2021,11,ME,industrial,10.65
2021,12,ME,industrial,10.67
2022,1,ME,industrial,10.83
2022,2,ME,industrial,11.71
2022,3,ME,industrial,11.27
2022,4,ME,industrial,11.15
2022,5,ME,industrial,11.93
2022,6,ME,industrial,12.03
2022,7,ME,industrial,11.26
2022,8,ME,industrial,10.87
2022,9,ME,industrial,10.77
2022,10,ME,industrial,9.78
2022,11,ME,industrial,9.53
2022,12,ME,industrial,11.5
2023,1,ME,industrial,11.98
2023,2,ME,industrial,11.94
2023,3,ME,industrial,12.61
2023,4,ME,industrial,10.98
2023,5,ME,industrial,11.84
2023,6,ME,industrial,11.58
2023,7,ME,industrial,12.16
2023,8,ME,industrial,12.59
2023,9,ME,industrial,12.47
2023,10,ME,industrial,13.15
2023,11,ME,industrial,12.96
2023,12,ME,industrial,13.7
2024,1,ME,industrial,14.14
2024,2,ME,industrial,12.71
2024,3,ME,industrial,12.28
2024,4,ME,industrial,11.89
2024,5,ME,industrial,11.55
2024,6,ME,industrial,11.65
2024,7,ME,industrial,12.49
2024,8,ME,industrial,12.02
2024,9,ME,industrial,11.54
2024,10,ME,industrial,12.32
2024,11,ME,industrial,12.72
2024,12,ME,industrial,14.46
2025,1,ME,industrial,15.44
2025,2,ME,industrial,16.61
2025,3,ME,industrial,16.52
2025,4,ME,industrial,13.57
2025,5,ME,industrial,13.88
2025,6,ME,industrial,14.2
2025,7,ME,industrial,15.71
2025,8,ME,industrial,16.46
2025,9,ME,industrial,15.37
2025,10,ME,industrial,15.38
2025,11,ME,industrial,15.9
2025,12,ME,industrial,17.15
2026,1,ME,industrial,18.95
2013,4,NH,commercial,13.45
2013,5,NH,commercial,13.39
2013,6,NH,commercial,13.51
2013,7,NH,commercial,13.3
2013,8,NH,commercial,13.03
2013,9,NH,commercial,13.1
2013,10,NH,commercial,13.32
2013,11,NH,commercial,13.45
2013,12,NH,commercial,14.3
2014,1,NH,commercial,14.95
2014,2,NH,commercial,15.47
2014,3,NH,commercial,15.26
2014,4,NH,commercial,14.25
2014,5,NH,commercial,14.18
2014,6,NH,commercial,14.16
2014,7,NH,commercial,13.91
2014,8,NH,commercial,13.59
2014,9,NH,commercial,13.63
2014,10,NH,commercial,13.8
2014,11,NH,commercial,14.2
2014,12,NH,commercial,14.66
2015,1,NH,commercial,15.81
2015,2,NH,commercial,16.53
2015,3,NH,commercial,16.46
2015,4,NH,commercial,15.45
2015,5,NH,commercial,15.1
2015,6,NH,commercial,14.63
2015,7,NH,commercial,14.23
2015,8,NH,commercial,14.01
2015,9,NH,commercial,14.15
2015,10,NH,commercial,14.41
2015,11,NH,commercial,14.39
2015,12,NH,commercial,14.64
2016,1,NH,commercial,14.58
2016,2,NH,commercial,14.75
2016,3,NH,commercial,14.55
2016,4,NH,commercial,14.48
2016,5,NH,commercial,14.42
2016,6,NH,commercial,14.03
2016,7,NH,commercial,13.99
2016,8,NH,commercial,14.3
2016,9,NH,commercial,14.41
2016,10,NH,commercial,14.56
2016,11,NH,commercial,14.67
2016,12,NH,commercial,14.57
2017,1,NH,commercial,14.36
2017,2,NH,commercial,14.94
2017,3,NH,commercial,14.74
2017,4,NH,commercial,14.52
2017,5,NH,commercial,14.83
2017,6,NH,commercial,14.86
2017,7,NH,commercial,14.67
2017,8,NH,commercial,14.67
2017,9,NH,commercial,14.98
2017,10,NH,commercial,15.2
2017,11,NH,commercial,14.8
2017,12,NH,commercial,15.17
2018,1,NH,commercial,15.57
2018,2,NH,commercial,16.41
2018,3,NH,commercial,15.43
2018,4,NH,commercial,15.82
2018,5,NH,commercial,16.4
2018,6,NH,commercial,15.61
2018,7,NH,commercial,15.59
2018,8,NH,commercial,15.25
2018,9,NH,commercial,15.93
2018,10,NH,commercial,16.09
2018,11,NH,commercial,15.89
2018,12,NH,commercial,15.97
2019,1,NH,commercial,16.58
2019,2,NH,commercial,16.73
2019,3,NH,commercial,16.22
2019,4,NH,commercial,16.21
2019,5,NH,commercial,15.75
2019,6,NH,commercial,15.64
2019,7,NH,commercial,15.29
2019,8,NH,commercial,15.65
2019,9,NH,commercial,15.99
2019,10,NH,commercial,15.96
2019,11,NH,commercial,15.81
2019,12,NH,commercial,15.56
2020,1,NH,commercial,16.05
2020,2,NH,commercial,15.91
2020,3,NH,commercial,15.46
2020,4,NH,commercial,15.34
2020,5,NH,commercial,15.27
2020,6,NH,commercial,15.27
2020,7,NH,commercial,14.45
2020,8,NH,commercial,15.4
2020,9,NH,commercial,15.41
2020,10,NH,commercial,15.51
2020,11,NH,commercial,15.64
2020,12,NH,commercial,15.32
2021,1,NH,commercial,15.34
2021,2,NH,commercial,16.54
2021,3,NH,commercial,15.98
2021,4,NH,commercial,16.62
2021,5,NH,commercial,15.87
2021,6,NH,commercial,16.11
2021,7,NH,commercial,16.13
2021,8,NH,commercial,15.73
2021,9,NH,commercial,16.03
2021,10,NH,commercial,16.39
2021,11,NH,commercial,16.31
2021,12,NH,commercial,16.66
2022,1,NH,commercial,17.48
2022,2,NH,commercial,18.49
2022,3,NH,commercial,17.91
2022,4,NH,commercial,17.25
2022,5,NH,commercial,17.15
2022,6,NH,commercial,17.17
2022,7,NH,commercial,17.03
2022,8,NH,commercial,19.49
2022,9,NH,commercial,21.08
2022,10,NH,commercial,19.73
2022,11,NH,commercial,20.14
2022,12,NH,commercial,21.59
2023,1,NH,commercial,23.11
2023,2,NH,commercial,23.57
2023,3,NH,commercial,22.3
2023,4,NH,commercial,20.84
2023,5,NH,commercial,20.41
2023,6,NH,commercial,19.91
2023,7,NH,commercial,19.75
2023,8,NH,commercial,18.76
2023,9,NH,commercial,18.49
2023,10,NH,commercial,19.06
2023,11,NH,commercial,19.38
2023,12,NH,commercial,19.56
2024,1,NH,commercial,20.23
2024,2,NH,commercial,20.2
2024,3,NH,commercial,19.05
2024,4,NH,commercial,19.07
2024,5,NH,commercial,19.18
2024,6,NH,commercial,18.94
2024,7,NH,commercial,18.63
2024,8,NH,commercial,18.6
2024,9,NH,commercial,19.94
2024,10,NH,commercial,19.95
2024,11,NH,commercial,19.35
2024,12,NH,commercial,19.85
2025,1,NH,commercial,20.47
2025,2,NH,commercial,20.78
2025,3,NH,commercial,19.72
2025,4,NH,commercial,19.48
2025,5,NH,commercial,19.25
2025,6,NH,commercial,19.41
2025,7,NH,commercial,19.74
2025,8,NH,commercial,20.36
2025,9,NH,commercial,20.69
2025,10,NH,commercial,20.27
2025,11,NH,commercial,20.39
2025,12,NH,commercial,21.19
2026,1,NH,commercial,22.19
2013,4,NH,industrial,11.38
2013,5,NH,industrial,11.1
2013,6,NH,industrial,11.23
2013,7,NH,industrial,11.22
2013,8,NH,industrial,10.98
2013,9,NH,industrial,11.12
2013,10,NH,industrial,11.09
2013,11,NH,industrial,11.19
2013,12,NH,industrial,11.97
2014,1,NH,industrial,13.1
2014,2,NH,industrial,13.32
2014,3,NH,industrial,13.21
2014,4,NH,industrial,12.22
2014,5,NH,industrial,11.83
2014,6,NH,industrial,11.52
2014,7,NH,industrial,11.49
2014,8,NH,industrial,11.2
2014,9,NH,industrial,11.1
2014,10,NH,industrial,11.17
2014,11,NH,industrial,11.33
2014,12,NH,industrial,11.92
2015,1,NH,industrial,12.99
2015,2,NH,industrial,14.23
2015,3,NH,industrial,14.05
2015,4,NH,industrial,12.87
2015,5,NH,industrial,12.38
2015,6,NH,industrial,12.18
2015,7,NH,industrial,11.78
2015,8,NH,industrial,12.21
2015,9,NH,industrial,12.54
2015,10,NH,industrial,12.52
2015,11,NH,industrial,12.62
2015,12,NH,industrial,12.77
2016,1,NH,industrial,12.69
2016,2,NH,industrial,12.69
2016,3,NH,industrial,12.38
2016,4,NH,industrial,12.34
2016,5,NH,industrial,12.11
2016,6,NH,industrial,11.92
2016,7,NH,industrial,12.1
2016,8,NH,industrial,12.31
2016,9,NH,industrial,12.33
2016,10,NH,industrial,12.27
2016,11,NH,industrial,12.32
2016,12,NH,industrial,12.65
2017,1,NH,industrial,12.71
2017,2,NH,industrial,12.49
2017,3,NH,industrial,12.29
2017,4,NH,industrial,12.17
2017,5,NH,industrial,11.93
2017,6,NH,industrial,12.03
2017,7,NH,industrial,12.19
2017,8,NH,industrial,12.17
2017,9,NH,industrial,12.32
2017,10,NH,industrial,12.5
2017,11,NH,industrial,12.18
2017,12,NH,industrial,13.15
2018,1,NH,industrial,13.86
2018,2,NH,industrial,14.32
2018,3,NH,industrial,13.27
2018,4,NH,industrial,13.36
2018,5,NH,industrial,13.54
2018,6,NH,industrial,13.01
2018,7,NH,industrial,13.35
2018,8,NH,industrial,13.04
2018,9,NH,industrial,13.14
2018,10,NH,industrial,13.13
2018,11,NH,industrial,13.48
2018,12,NH,industrial,13.73
2019,1,NH,industrial,14.1
2019,2,NH,industrial,13.85
2019,3,NH,industrial,13.61
2019,4,NH,industrial,12.94
2019,5,NH,industrial,12.75
2019,6,NH,industrial,12.59
2019,7,NH,industrial,12.5
2019,8,NH,industrial,12.71
2019,9,NH,industrial,12.8
2019,10,NH,industrial,12.98
2019,11,NH,industrial,12.97
2019,12,NH,industrial,13.49
2020,1,NH,industrial,13.65
2020,2,NH,industrial,13.16
2020,3,NH,industrial,12.98
2020,4,NH,industrial,12.96
2020,5,NH,industrial,12.96
2020,6,NH,industrial,12.75
2020,7,NH,industrial,12.53
2020,8,NH,industrial,13.09
2020,9,NH,industrial,13.23
2020,10,NH,industrial,13.23
2020,11,NH,industrial,13.34
2020,12,NH,industrial,13.51
2021,1,NH,industrial,13.86
2021,2,NH,industrial,14.47
2021,3,NH,industrial,13.71
2021,4,NH,industrial,13.39
2021,5,NH,industrial,13.24
2021,6,NH,industrial,13.52
2021,7,NH,industrial,13.97
2021,8,NH,industrial,13.3
2021,9,NH,industrial,13.87
2021,10,NH,industrial,13.88
2021,11,NH,industrial,14.25
2021,12,NH,industrial,14.43
2022,1,NH,industrial,15.94
2022,2,NH,industrial,16.3
2022,3,NH,industrial,14.94
2022,4,NH,industrial,14.12
2022,5,NH,industrial,14.03
2022,6,NH,industrial,14.31
2022,7,NH,industrial,14.88
2022,8,NH,industrial,15.29
2022,9,NH,industrial,15.33
2022,10,NH,industrial,14.37
2022,11,NH,industrial,14.99
2022,12,NH,industrial,17.41
2023,1,NH,industrial,17.24
2023,2,NH,industrial,17.23
2023,3,NH,industrial,16.43
2023,4,NH,industrial,15.49
2023,5,NH,industrial,15.22
2023,6,NH,industrial,14.77
2023,7,NH,industrial,15.28
2023,8,NH,industrial,14.93
2023,9,NH,industrial,15.32
2023,10,NH,industrial,15.28
2023,11,NH,industrial,15.95
2023,12,NH,industrial,16.44
2024,1,NH,industrial,17.3
2024,2,NH,industrial,16.94
2024,3,NH,industrial,16.38
2024,4,NH,industrial,15.81
2024,5,NH,industrial,15.81
2024,6,NH,industrial,16.02
2024,7,NH,industrial,15.92
2024,8,NH,industrial,15.99
2024,9,NH,industrial,15.65
2024,10,NH,industrial,15.55
2024,11,NH,industrial,16.32
2024,12,NH,industrial,17.01
2025,1,NH,industrial,18.67
2025,2,NH,industrial,18.57
2025,3,NH,industrial,16.53
2025,4,NH,industrial,16.05
2025,5,NH,industrial,15.68
2025,6,NH,industrial,15.98
2025,7,NH,industrial,16.75
2025,8,NH,industrial,16.95
2025,9,NH,industrial,15.96
2025,10,NH,industrial,16.12
2025,11,NH,industrial,16.86
2025,12,NH,industrial,18.6
2026,1,NH,industrial,20.41
2013,4,RI,commercial,11.73
2013,5,RI,commercial,12.06
2013,6,RI,commercial,12.2
2013,7,RI,commercial,11.31
2013,8,RI,commercial,12.51
2013,9,RI,commercial,12.8
2013,10,RI,commercial,11.77
2013,11,RI,commercial,13.21
2013,12,RI,commercial,16.83
2014,1,RI,commercial,15.57
2014,2,RI,commercial,17.56
2014,3,RI,commercial,15.75
2014,4,RI,commercial,14.48
2014,5,RI,commercial,13.89
2014,6,RI,commercial,13.17
2014,7,RI,commercial,13.54
2014,8,RI,commercial,15.94
2014,9,RI,commercial,13.9
2014,10,RI,commercial,13.31
2014,11,RI,commercial,13.19
2014,12,RI,commercial,15.39
2015,1,RI,commercial,18.0
2015,2,RI,commercial,20.33
2015,3,RI,commercial,18.77
2015,4,RI,commercial,16.54
2015,5,RI,commercial,14.52
2015,6,RI,commercial,14.1
2015,7,RI,commercial,14.08
2015,8,RI,commercial,14.47
2015,9,RI,commercial,14.8
2015,10,RI,commercial,14.58
2015,11,RI,commercial,14.54
2015,12,RI,commercial,15.27
2016,1,RI,commercial,15.77
2016,2,RI,commercial,16.08
2016,3,RI,commercial,15.66
2016,4,RI,commercial,15.13
2016,5,RI,commercial,14.47
2016,6,RI,commercial,14.56
2016,7,RI,commercial,14.27
2016,8,RI,commercial,14.69
2016,9,RI,commercial,14.79
2016,10,RI,commercial,14.48
2016,11,RI,commercial,14.59
2016,12,RI,commercial,14.29
2017,1,RI,commercial,15.39
2017,2,RI,commercial,15.96
2017,3,RI,commercial,15.04
2017,4,RI,commercial,15.38
2017,5,RI,commercial,13.75
2017,6,RI,commercial,14.49
2017,7,RI,commercial,15.1
2017,8,RI,commercial,15.47
2017,9,RI,commercial,15.3
2017,10,RI,commercial,15.4
2017,11,RI,commercial,15.85
2017,12,RI,commercial,15.34
2018,1,RI,commercial,17.68
2018,2,RI,commercial,17.73
2018,3,RI,commercial,16.41
2018,4,RI,commercial,16.19
2018,5,RI,commercial,15.7
2018,6,RI,commercial,15.24
2018,7,RI,commercial,15.71
2018,8,RI,commercial,15.79
2018,9,RI,commercial,16.83
2018,10,RI,commercial,17.17
2018,11,RI,commercial,17.38
2018,12,RI,commercial,17.48
2019,1,RI,commercial,18.33
2019,2,RI,commercial,18.96
2019,3,RI,commercial,18.0
2019,4,RI,commercial,16.58
2019,5,RI,commercial,16.65
2019,6,RI,commercial,15.79
2019,7,RI,commercial,15.03
2019,8,RI,commercial,15.48
2019,9,RI,commercial,15.51
2019,10,RI,commercial,15.44
2019,11,RI,commercial,15.86
2019,12,RI,commercial,15.65
2020,1,RI,commercial,17.11
2020,2,RI,commercial,16.61
2020,3,RI,commercial,15.57
2020,4,RI,commercial,16.3
2020,5,RI,commercial,15.46
2020,6,RI,commercial,14.98
2020,7,RI,commercial,15.46
2020,8,RI,commercial,16.41
2020,9,RI,commercial,15.79
2020,10,RI,commercial,15.65
2020,11,RI,commercial,16.01
2020,12,RI,commercial,16.14
2021,1,RI,commercial,16.6
2021,2,RI,commercial,16.81
2021,3,RI,commercial,16.13
2021,4,RI,commercial,15.15
2021,5,RI,commercial,14.51
2021,6,RI,commercial,14.92
2021,7,RI,commercial,14.97
2021,8,RI,commercial,15.01
2021,9,RI,commercial,15.03
2021,10,RI,commercial,15.46
2021,11,RI,commercial,15.24
2021,12,RI,commercial,16.56
2022,1,RI,commercial,17.58
2022,2,RI,commercial,18.34
2022,3,RI,commercial,17.04
2022,4,RI,commercial,14.9
2022,5,RI,commercial,14.41
2022,6,RI,commercial,15.65
2022,7,RI,commercial,14.94
2022,8,RI,commercial,15.61
2022,9,RI,commercial,16.33
2022,10,RI,commercial,16.37
2022,11,RI,commercial,16.09
2022,12,RI,commercial,18.17
2023,1,RI,commercial,19.16
2023,2,RI,commercial,18.7
2023,3,RI,commercial,17.11
2023,4,RI,commercial,13.37
2023,5,RI,commercial,15.61
2023,6,RI,commercial,15.1
2023,7,RI,commercial,16.6
2023,8,RI,commercial,18.64
2023,9,RI,commercial,19.07
2023,10,RI,commercial,19.77
2023,11,RI,commercial,19.27
2023,12,RI,commercial,20.16
2024,1,RI,commercial,20.66
2024,2,RI,commercial,20.16
2024,3,RI,commercial,18.59
2024,4,RI,commercial,18.84
2024,5,RI,commercial,19.59
2024,6,RI,commercial,19.44
2024,7,RI,commercial,20.1
2024,8,RI,commercial,21.19
2024,9,RI,commercial,22.42
2024,10,RI,commercial,19.5
2024,11,RI,commercial,32.31
2024,12,RI,commercial,23.46
2025,1,RI,commercial,24.86
2025,2,RI,commercial,26.43
2025,3,RI,commercial,24.52
2025,4,RI,commercial,23.8
2025,5,RI,commercial,23.69
2025,6,RI,commercial,22.15
2025,7,RI,commercial,22.22
2025,8,RI,commercial,22.31
2025,9,RI,commercial,22.43
2025,10,RI,commercial,23.03
2025,11,RI,commercial,22.63
2025,12,RI,commercial,25.69
2026,1,RI,commercial,24.84
2013,4,RI,industrial,10.7
2013,5,RI,industrial,11.35
2013,6,RI,industrial,11.42
2013,7,RI,industrial,10.61
2013,8,RI,industrial,11.32
2013,9,RI,industrial,11.85
2013,10,RI,industrial,11.23
2013,11,RI,industrial,11.62
2013,12,RI,industrial,14.32
2014,1,RI,industrial,14.15
2014,2,RI,industrial,14.81
2014,3,RI,industrial,13.96
2014,4,RI,industrial,12.6
2014,5,RI,industrial,11.99
2014,6,RI,industrial,11.89
2014,7,RI,industrial,12.25
2014,8,RI,industrial,12.69
2014,9,RI,industrial,12.45
2014,10,RI,industrial,12.1
2014,11,RI,industrial,11.96
2014,12,RI,industrial,13.52
2015,1,RI,industrial,15.28
2015,2,RI,industrial,17.46
2015,3,RI,industrial,16.42
2015,4,RI,industrial,13.3
2015,5,RI,industrial,12.85
2015,6,RI,industrial,12.41
2015,7,RI,industrial,12.15
2015,8,RI,industrial,12.93
2015,9,RI,industrial,13.01
2015,10,RI,industrial,12.98
2015,11,RI,industrial,13.25
2015,12,RI,industrial,13.3
2016,1,RI,industrial,14.11
2016,2,RI,industrial,13.66
2016,3,RI,industrial,13.55
2016,4,RI,industrial,13.42
2016,5,RI,industrial,13.6
2016,6,RI,industrial,13.23
2016,7,RI,industrial,13.38
2016,8,RI,industrial,13.4
2016,9,RI,industrial,13.34
2016,10,RI,industrial,13.21
2016,11,RI,industrial,13.4
2016,12,RI,industrial,13.53
2017,1,RI,industrial,14.17
2017,2,RI,industrial,14.79
2017,3,RI,industrial,14.14
2017,4,RI,industrial,14.41
2017,5,RI,industrial,14.13
2017,6,RI,industrial,14.08
2017,7,RI,industrial,14.83
2017,8,RI,industrial,14.99
2017,9,RI,industrial,14.76
2017,10,RI,industrial,14.8
2017,11,RI,industrial,14.6
2017,12,RI,industrial,15.16
2018,1,RI,industrial,16.18
2018,2,RI,industrial,16.63
2018,3,RI,industrial,15.22
2018,4,RI,industrial,14.85
2018,5,RI,industrial,14.56
2018,6,RI,industrial,14.13
2018,7,RI,industrial,14.84
2018,8,RI,industrial,14.88
2018,9,RI,industrial,15.2
2018,10,RI,industrial,15.61
2018,11,RI,industrial,15.87
2018,12,RI,industrial,17.11
2019,1,RI,industrial,17.17
2019,2,RI,industrial,18.2
2019,3,RI,industrial,16.24
2019,4,RI,industrial,15.87
2019,5,RI,industrial,15.87
2019,6,RI,industrial,15.11
2019,7,RI,industrial,14.42
2019,8,RI,industrial,14.62
2019,9,RI,industrial,14.81
2019,10,RI,industrial,15.2
2019,11,RI,industrial,15.07
2019,12,RI,industrial,15.34
2020,1,RI,industrial,15.56
2020,2,RI,industrial,15.57
2020,3,RI,industrial,15.48
2020,4,RI,industrial,15.74
2020,5,RI,industrial,15.95
2020,6,RI,industrial,15.15
2020,7,RI,industrial,15.39
2020,8,RI,industrial,16.22
2020,9,RI,industrial,15.91
2020,10,RI,industrial,16.05
2020,11,RI,industrial,15.99
2020,12,RI,industrial,16.24
2021,1,RI,industrial,16.33
2021,2,RI,industrial,16.68
2021,3,RI,industrial,16.02
2021,4,RI,industrial,15.84
2021,5,RI,industrial,15.94
2021,6,RI,industrial,15.94
2021,7,RI,industrial,15.47
2021,8,RI,industrial,15.74
2021,9,RI,industrial,15.72
2021,10,RI,industrial,16.1
2021,11,RI,industrial,16.13
2021,12,RI,industrial,16.95
2022,1,RI,industrial,18.6
2022,2,RI,industrial,18.49
2022,3,RI,industrial,17.58
2022,4,RI,industrial,16.33
2022,5,RI,industrial,17.09
2022,6,RI,industrial,17.33
2022,7,RI,industrial,17.58
2022,8,RI,industrial,17.97
2022,9,RI,industrial,17.93
2022,10,RI,industrial,17.28
2022,11,RI,industrial,18.47
2022,12,RI,industrial,21.04
2023,1,RI,industrial,21.84
2023,2,RI,industrial,19.8
2023,3,RI,industrial,18.78
2023,4,RI,industrial,17.93
2023,5,RI,industrial,17.97
2023,6,RI,industrial,17.91
2023,7,RI,industrial,18.88
2023,8,RI,industrial,18.51
2023,9,RI,industrial,19.07
2023,10,RI,industrial,18.87
2023,11,RI,industrial,18.54
2023,12,RI,industrial,19.83
2024,1,RI,industrial,19.38
2024,2,RI,industrial,19.34
2024,3,RI,industrial,17.47
2024,4,RI,industrial,18.23
2024,5,RI,industrial,19.53
2024,6,RI,industrial,18.99
2024,7,RI,industrial,20.49
2024,8,RI,industrial,20.37
2024,9,RI,industrial,20.45
2024,10,RI,industrial,18.79
2024,11,RI,industrial,22.73
2024,12,RI,industrial,20.41
2025,1,RI,industrial,20.37
2025,2,RI,industrial,27.68
2025,3,RI,industrial,24.96
2025,4,RI,industrial,20.15
2025,5,RI,industrial,22.27
2025,6,RI,industrial,18.61
2025,7,RI,industrial,21.31
2025,8,RI,industrial,20.14
2025,9,RI,industrial,19.53
2025,10,RI,industrial,21.42
2025,11,RI,industrial,22.24
2025,12,RI,industrial,23.9
2026,1,RI,industrial,25.66
2013,4,VT,commercial,15.18
2013,5,VT,commercial,15.21
2013,6,VT,commercial,14.84
2013,7,VT,commercial,14.46
2013,8,VT,commercial,14.48
2013,9,VT,commercial,14.65
2013,10,VT,commercial,15.02
2013,11,VT,commercial,14.84
2013,12,VT,commercial,14.85
2014,1,VT,commercial,14.21
2014,2,VT,commercial,14.46
2014,3,VT,commercial,14.65
2014,4,VT,commercial,14.66
2014,5,VT,commercial,14.87
2014,6,VT,commercial,14.84
2014,7,VT,commercial,14.67
2014,8,VT,commercial,14.41
2014,9,VT,commercial,14.5
2014,10,VT,commercial,14.49
2014,11,VT,commercial,14.7
2014,12,VT,commercial,14.34
2015,1,VT,commercial,14.08
2015,2,VT,commercial,14.39
2015,3,VT,commercial,14.32
2015,4,VT,commercial,14.64
2015,5,VT,commercial,14.89
2015,6,VT,commercial,14.8
2015,7,VT,commercial,14.46
2015,8,VT,commercial,14.44
2015,9,VT,commercial,14.52
2015,10,VT,commercial,14.85
2015,11,VT,commercial,14.63
2015,12,VT,commercial,14.56
2016,1,VT,commercial,14.29
2016,2,VT,commercial,14.38
2016,3,VT,commercial,14.43
2016,4,VT,commercial,14.53
2016,5,VT,commercial,14.86
2016,6,VT,commercial,14.63
2016,7,VT,commercial,14.66
2016,8,VT,commercial,14.03
2016,9,VT,commercial,14.73
2016,10,VT,commercial,14.86
2016,11,VT,commercial,14.82
2016,12,VT,commercial,14.37
2017,1,VT,commercial,14.35
2017,2,VT,commercial,14.54
2017,3,VT,commercial,14.34
2017,4,VT,commercial,14.73
2017,5,VT,commercial,14.83
2017,6,VT,commercial,14.8
2017,7,VT,commercial,14.72
2017,8,VT,commercial,14.28
2017,9,VT,commercial,14.72
2017,10,VT,commercial,14.71
2017,11,VT,commercial,14.91
2017,12,VT,commercial,14.48
2018,1,VT,commercial,15.2
2018,2,VT,commercial,15.1
2018,3,VT,commercial,15.18
2018,4,VT,commercial,15.11
2018,5,VT,commercial,15.34
2018,6,VT,commercial,15.49
2018,7,VT,commercial,15.11
2018,8,VT,commercial,15.06
2018,9,VT,commercial,15.16
2018,10,VT,commercial,15.36
2018,11,VT,commercial,15.32
2018,12,VT,commercial,15.49
2019,1,VT,commercial,15.52
2019,2,VT,commercial,16.04
2019,3,VT,commercial,15.75
2019,4,VT,commercial,15.84
2019,5,VT,commercial,16.09
2019,6,VT,commercial,16.11
2019,7,VT,commercial,15.75
2019,8,VT,commercial,15.72
2019,9,VT,commercial,16.2
2019,10,VT,commercial,16.33
2019,11,VT,commercial,16.44
2019,12,VT,commercial,16.15
2020,1,VT,commercial,16.06
2020,2,VT,commercial,16.06
2020,3,VT,commercial,16.4
2020,4,VT,commercial,16.66
2020,5,VT,commercial,16.79
2020,6,VT,commercial,16.93
2020,7,VT,commercial,16.12
2020,8,VT,commercial,15.92
2020,9,VT,commercial,16.53
2020,10,VT,commercial,16.55
2020,11,VT,commercial,16.44
2020,12,VT,commercial,16.43
2021,1,VT,commercial,15.89
2021,2,VT,commercial,16.08
2021,3,VT,commercial,16.29
2021,4,VT,commercial,16.5
2021,5,VT,commercial,16.65
2021,6,VT,commercial,16.63
2021,7,VT,commercial,16.47
2021,8,VT,commercial,16.22
2021,9,VT,commercial,16.87
2021,10,VT,commercial,17.29
2021,11,VT,commercial,17.3
2021,12,VT,commercial,17.01
2022,1,VT,commercial,16.89
2022,2,VT,commercial,16.76
2022,3,VT,commercial,17.34
2022,4,VT,commercial,16.98
2022,5,VT,commercial,17.56
2022,6,VT,commercial,17.16
2022,7,VT,commercial,17.18
2022,8,VT,commercial,16.95
2022,9,VT,commercial,17.68
2022,10,VT,commercial,17.79
2022,11,VT,commercial,17.72
2022,12,VT,commercial,17.57
2023,1,VT,commercial,17.39
2023,2,VT,commercial,17.49
2023,3,VT,commercial,17.91
2023,4,VT,commercial,17.77
2023,5,VT,commercial,18.09
2023,6,VT,commercial,18.06
2023,7,VT,commercial,17.78
2023,8,VT,commercial,17.37
2023,9,VT,commercial,18.31
2023,10,VT,commercial,18.88
2023,11,VT,commercial,18.47
2023,12,VT,commercial,18.57
2024,1,VT,commercial,18.34
2024,2,VT,commercial,18.26
2024,3,VT,commercial,18.83
2024,4,VT,commercial,18.67
2024,5,VT,commercial,18.77
2024,6,VT,commercial,18.9
2024,7,VT,commercial,18.42
2024,8,VT,commercial,18.23
2024,9,VT,commercial,19.21
2024,10,VT,commercial,19.57
2024,11,VT,commercial,20.21
2024,12,VT,commercial,19.58
2025,1,VT,commercial,19.22
2025,2,VT,commercial,19.19
2025,3,VT,commercial,19.92
2025,4,VT,commercial,19.48
2025,5,VT,commercial,19.95
2025,6,VT,commercial,19.87
2025,7,VT,commercial,19.39
2025,8,VT,commercial,19.2
2025,9,VT,commercial,20.52
2025,10,VT,commercial,20.86
2025,11,VT,commercial,21.03
2025,12,VT,commercial,20.7
2026,1,VT,commercial,20.64
2013,4,VT,industrial,10.81
2013,5,VT,industrial,10.71
2013,6,VT,industrial,10.97
2013,7,VT,industrial,10.8
2013,8,VT,industrial,10.75
2013,9,VT,industrial,10.91
2013,10,VT,industrial,10.64
2013,11,VT,industrial,10.88
2013,12,VT,industrial,11.19
2014,1,VT,industrial,10.47
2014,2,VT,industrial,10.65
2014,3,VT,industrial,10.69
2014,4,VT,industrial,9.94
2014,5,VT,industrial,10.16
2014,6,VT,industrial,10.52
2014,7,VT,industrial,10.43
2014,8,VT,industrial,10.57
2014,9,VT,industrial,9.56
2014,10,VT,industrial,9.73
2014,11,VT,industrial,10.03
2014,12,VT,industrial,10.03
2015,1,VT,industrial,10.44
2015,2,VT,industrial,10.54
2015,3,VT,industrial,10.28
2015,4,VT,industrial,9.82
2015,5,VT,industrial,10.08
2015,6,VT,industrial,10.31
2015,7,VT,industrial,10.42
2015,8,VT,industrial,10.27
2015,9,VT,industrial,10.37
2015,10,VT,industrial,10.04
2015,11,VT,industrial,10.11
2015,12,VT,industrial,10.56
2016,1,VT,industrial,10.48
2016,2,VT,industrial,10.07
2016,3,VT,industrial,10.42
2016,4,VT,industrial,9.8
2016,5,VT,industrial,9.91
2016,6,VT,industrial,10.42
2016,7,VT,industrial,10.47
2016,8,VT,industrial,10.16
2016,9,VT,industrial,10.57
2016,10,VT,industrial,10.16
2016,11,VT,industrial,10.08
2016,12,VT,industrial,10.18
2017,1,VT,industrial,10.33
2017,2,VT,industrial,10.23
2017,3,VT,industrial,10.37
2017,4,VT,industrial,10.08
2017,5,VT,industrial,10.05
2017,6,VT,industrial,10.53
2017,7,VT,industrial,10.33
2017,8,VT,industrial,10.17
2017,9,VT,industrial,10.33
2017,10,VT,industrial,9.88
2017,11,VT,industrial,10.0
2017,12,VT,industrial,10.26
2018,1,VT,industrial,10.71
2018,2,VT,industrial,10.83
2018,3,VT,industrial,10.75
2018,4,VT,industrial,10.32
2018,5,VT,industrial,10.32
2018,6,VT,industrial,10.96
2018,7,VT,industrial,10.69
2018,8,VT,industrial,10.65
2018,9,VT,industrial,10.7
2018,10,VT,industrial,10.41
2018,11,VT,industrial,10.63
2018,12,VT,industrial,10.86
2019,1,VT,industrial,10.96
2019,2,VT,industrial,11.24
2019,3,VT,industrial,11.07
2019,4,VT,industrial,10.64
2019,5,VT,industrial,10.87
2019,6,VT,industrial,11.2
2019,7,VT,industrial,11.08
2019,8,VT,industrial,11.16
2019,9,VT,industrial,10.97
2019,10,VT,industrial,10.99
2019,11,VT,industrial,11.13
2019,12,VT,industrial,11.24
2020,1,VT,industrial,10.98
2020,2,VT,industrial,11.38
2020,3,VT,industrial,11.07
2020,4,VT,industrial,11.03
2020,5,VT,industrial,11.17
2020,6,VT,industrial,11.39
2020,7,VT,industrial,11.37
2020,8,VT,industrial,11.3
2020,9,VT,industrial,11.37
2020,10,VT,industrial,10.97
2020,11,VT,industrial,11.01
2020,12,VT,industrial,11.33
2021,1,VT,industrial,11.08
2021,2,VT,industrial,11.49
2021,3,VT,industrial,11.23
2021,4,VT,industrial,11.0
2021,5,VT,industrial,11.05
2021,6,VT,industrial,11.27
2021,7,VT,industrial,11.56
2021,8,VT,industrial,11.35
2021,9,VT,industrial,11.64
2021,10,VT,industrial,11.63
2021,11,VT,industrial,11.49
2021,12,VT,industrial,11.71
2022,1,VT,industrial,12.19
2022,2,VT,industrial,11.95
2022,3,VT,industrial,11.64
2022,4,VT,industrial,11.47
2022,5,VT,industrial,11.52
2022,6,VT,industrial,12.03
2022,7,VT,industrial,11.77
2022,8,VT,industrial,12.16
2022,9,VT,industrial,12.11
2022,10,VT,industrial,11.73
2022,11,VT,industrial,11.84
2022,12,VT,industrial,12.15
2023,1,VT,industrial,11.99
2023,2,VT,industrial,11.23
2023,3,VT,industrial,11.39
2023,4,VT,industrial,10.84
2023,5,VT,industrial,10.59
2023,6,VT,industrial,11.27
2023,7,VT,industrial,11.04
2023,8,VT,industrial,11.04
2023,9,VT,industrial,11.39
2023,10,VT,industrial,11.3
2023,11,VT,industrial,10.98
2023,12,VT,industrial,12.04
2024,1,VT,industrial,11.44
2024,2,VT,industrial,11.74
2024,3,VT,industrial,11.61
2024,4,VT,industrial,11.21
2024,5,VT,industrial,11.05
2024,6,VT,industrial,11.66
2024,7,VT,industrial,11.34
2024,8,VT,industrial,11.48
2024,9,VT,industrial,11.73
2024,10,VT,industrial,11.49
2024,11,VT,industrial,12.22
2024,12,VT,industrial,11.98
2025,1,VT,industrial,12.45
2025,2,VT,industrial,12.52
2025,3,VT,industrial,12.38
2025,4,VT,industrial,11.97
2025,5,VT,industrial,11.77
2025,6,VT,industrial,12.44
2025,7,VT,industrial,12.23
2025,8,VT,industrial,12.22
2025,9,VT,industrial,12.44
2025,10,VT,industrial,12.34
2025,11,VT,industrial,12.6
2025,12,VT,industrial,13.21
2026,1,VT,industrial,12.57
